# system info my_sys_iopll_0 on 2024.01.31.11:58:44
system_info:
name,value
DEVICE,AGMF039R47A2E2V
DEVICE_FAMILY,Agilex 7
GENERATION_ID,0
#
#
# Files generated for my_sys_iopll_0 on 2024.01.31.11:58:44
files:
filepath,kind,attributes,module,is_top
sim/my_sys_iopll_0.v,VERILOG,CONTAINS_INLINE_CONFIGURATION,my_sys_iopll_0,true
altera_iopll_1931/sim/my_sys_iopll_0_altera_iopll_1931_zyqmcuq.vo,VERILOG,,my_sys_iopll_0_altera_iopll_1931_zyqmcuq,false
#
# Map from instance-path to kind of module
instances:
instancePath,module
my_sys_iopll_0.iopll_0,my_sys_iopll_0_altera_iopll_1931_zyqmcuq
