# system info my_sys_intel_noc_clock_ctrl_0 on 2024.01.31.11:58:41
system_info:
name,value
DEVICE,AGMF039R47A2E2V
DEVICE_FAMILY,Agilex 7
GENERATION_ID,0
#
#
# Files generated for my_sys_intel_noc_clock_ctrl_0 on 2024.01.31.11:58:41
files:
filepath,kind,attributes,module,is_top
sim/my_sys_intel_noc_clock_ctrl_0.v,VERILOG,CONTAINS_INLINE_CONFIGURATION,my_sys_intel_noc_clock_ctrl_0,true
intel_noc_clock_ctrl_200/sim/intel_noc_clock_ctrl.sv,SYSTEM_VERILOG,,intel_noc_clock_ctrl,false
#
# Map from instance-path to kind of module
instances:
instancePath,module
my_sys_intel_noc_clock_ctrl_0.intel_noc_clock_ctrl_0,intel_noc_clock_ctrl
