# system info my_sys_onchip_memory2_0 on 2022.10.26.13:06:06
system_info:
name,value
DEVICE,AGMF039R47A2E2VR0
DEVICE_FAMILY,Agilex
GENERATION_ID,0
#
#
# Files generated for my_sys_onchip_memory2_0 on 2022.10.26.13:06:06
files:
filepath,kind,attributes,module,is_top
sim/my_sys_onchip_memory2_0.v,VERILOG,CONTAINS_INLINE_CONFIGURATION,my_sys_onchip_memory2_0,true
altera_avalon_onchip_memory2_1936/sim/my_sys_onchip_memory2_0_onchip_memory2_0.hex,HEX,,my_sys_onchip_memory2_0_altera_avalon_onchip_memory2_1936_goynkaa,false
altera_avalon_onchip_memory2_1936/sim/my_sys_onchip_memory2_0_altera_avalon_onchip_memory2_1936_goynkaa.v,VERILOG,,my_sys_onchip_memory2_0_altera_avalon_onchip_memory2_1936_goynkaa,false
#
# Map from instance-path to kind of module
instances:
instancePath,module
my_sys_onchip_memory2_0.onchip_memory2_0,my_sys_onchip_memory2_0_altera_avalon_onchip_memory2_1936_goynkaa
